user_id,book_id,borrow_date,return_date,pages,reservation_status,overdue_status,user_role,book_category,book_holding_days
30,198,3/13/2023,3/29/2023,242,TRUE,1,student,non-fiction,16
68,45,4/2/2022,4/7/2022,188,TRUE,0,student,art,5
97,42,6/6/2023,6/8/2023,421,TRUE,0,faculty,history,2
86,69,10/5/2022,10/24/2022,379,FALSE,1,student,non-fiction,19
85,156,7/4/2020,7/9/2020,282,FALSE,0,student,fiction,5
55,90,10/28/2023,11/15/2023,297,FALSE,1,student,art,18
71,84,4/11/2023,4/30/2023,468,FALSE,1,staff,science,19
42,191,7/21/2023,8/9/2023,301,FALSE,1,staff,fiction,19
97,129,9/1/2022,9/16/2022,313,TRUE,1,student,non-fiction,15
36,101,7/10/2023,7/16/2023,230,FALSE,0,student,science,6
85,169,8/19/2022,9/5/2022,555,TRUE,1,faculty,history,17
16,39,5/3/2022,5/10/2022,546,FALSE,0,faculty,history,7
54,192,12/14/2022,12/19/2022,375,TRUE,0,faculty,science,5
67,109,1/9/2022,1/14/2022,222,FALSE,0,staff,non-fiction,5
22,124,6/10/2020,6/19/2020,338,FALSE,1,staff,science,9
99,169,7/4/2022,7/21/2022,363,TRUE,1,faculty,non-fiction,17
86,49,7/27/2020,8/8/2020,210,FALSE,1,faculty,art,12
64,19,1/16/2024,1/18/2024,219,FALSE,0,student,fiction,2
38,49,1/3/2025,1/19/2025,166,FALSE,1,faculty,fiction,16
99,163,11/11/2023,11/27/2023,350,FALSE,1,faculty,science,16
51,42,7/24/2023,7/27/2023,548,TRUE,0,staff,history,3
38,105,9/10/2021,9/16/2021,273,TRUE,0,student,art,6
14,59,10/25/2021,11/11/2021,345,TRUE,1,faculty,non-fiction,17
19,84,2/27/2020,3/9/2020,306,TRUE,1,faculty,non-fiction,11
65,15,3/28/2025,3/29/2025,225,FALSE,0,student,art,1
32,95,8/3/2023,8/21/2023,444,TRUE,1,faculty,science,18
33,70,7/6/2021,7/9/2021,209,FALSE,0,student,science,3
84,18,10/6/2020,10/15/2020,339,TRUE,1,faculty,fiction,9
93,172,8/5/2020,8/7/2020,382,FALSE,0,staff,non-fiction,2
22,133,2/4/2024,2/18/2024,327,TRUE,1,faculty,history,14
72,173,12/29/2024,12/30/2024,223,TRUE,0,staff,fiction,1
22,135,7/3/2020,7/19/2020,390,TRUE,1,staff,non-fiction,16
19,60,9/13/2024,9/25/2024,211,FALSE,1,faculty,science,12
27,39,6/11/2021,6/26/2021,131,FALSE,1,faculty,art,15
63,65,3/17/2022,4/5/2022,215,TRUE,1,faculty,non-fiction,19
84,10,7/30/2021,8/6/2021,473,FALSE,0,student,science,7
73,156,4/29/2020,5/18/2020,248,TRUE,1,student,science,19
60,183,12/14/2021,12/20/2021,348,TRUE,0,staff,non-fiction,6
50,113,11/2/2024,11/12/2024,174,TRUE,1,student,art,10
41,189,11/24/2022,12/1/2022,270,TRUE,0,faculty,art,7
50,7,1/19/2024,1/26/2024,367,TRUE,0,student,fiction,7
71,60,1/29/2022,2/15/2022,309,FALSE,1,staff,history,17
97,149,6/10/2020,6/11/2020,503,TRUE,0,student,history,1
62,193,1/31/2020,2/12/2020,538,FALSE,1,student,history,12
31,93,1/2/2025,1/12/2025,333,TRUE,1,staff,non-fiction,10
96,199,12/27/2022,1/14/2023,555,TRUE,1,student,history,18
37,36,1/27/2021,2/2/2021,181,FALSE,0,student,art,6
13,183,4/12/2023,4/22/2023,321,FALSE,1,faculty,non-fiction,10
30,157,5/31/2023,6/11/2023,243,FALSE,1,staff,science,11
85,5,1/20/2020,2/2/2020,440,TRUE,1,staff,science,13
66,73,7/1/2023,7/10/2023,242,TRUE,1,faculty,fiction,9
70,88,12/4/2023,12/13/2023,242,FALSE,1,student,art,9
59,121,3/14/2022,4/2/2022,257,TRUE,1,student,art,19
82,53,3/28/2024,4/4/2024,244,TRUE,0,staff,art,7
90,23,10/2/2020,10/9/2020,166,TRUE,0,faculty,non-fiction,7
42,159,11/17/2022,12/7/2022,241,TRUE,1,staff,science,20
53,145,1/4/2021,1/8/2021,317,TRUE,0,staff,history,4
62,27,3/26/2022,4/14/2022,221,FALSE,1,student,art,19
32,104,1/21/2024,2/8/2024,501,FALSE,1,student,history,18
13,95,9/24/2024,10/7/2024,281,FALSE,1,staff,fiction,13
25,175,7/27/2020,8/7/2020,398,FALSE,1,faculty,fiction,11
13,69,6/24/2021,7/14/2021,383,FALSE,1,staff,non-fiction,20
1,85,8/27/2022,9/3/2022,383,TRUE,0,staff,fiction,7
39,87,6/15/2022,6/16/2022,151,TRUE,0,staff,art,1
95,16,6/29/2022,6/30/2022,435,FALSE,0,student,history,1
20,75,10/30/2023,11/4/2023,134,TRUE,0,faculty,art,5
31,167,12/14/2020,12/18/2020,341,TRUE,0,staff,history,4
41,162,6/8/2020,6/17/2020,209,FALSE,1,staff,science,9
26,5,11/8/2024,11/21/2024,444,TRUE,1,student,science,13
6,25,5/29/2023,6/10/2023,236,FALSE,1,faculty,non-fiction,12
15,178,8/28/2022,9/12/2022,213,FALSE,1,student,art,15
2,177,1/3/2025,1/21/2025,374,FALSE,1,student,history,18
73,74,5/13/2021,5/27/2021,236,TRUE,1,student,non-fiction,14
22,122,10/7/2023,10/12/2023,182,FALSE,0,staff,art,5
34,61,10/27/2024,10/29/2024,434,TRUE,0,faculty,science,2
72,107,5/9/2023,5/17/2023,197,TRUE,1,student,art,8
77,173,3/4/2022,3/22/2022,158,FALSE,1,student,non-fiction,18
28,32,1/29/2020,2/5/2020,260,FALSE,0,student,non-fiction,7
9,180,11/11/2022,11/27/2022,356,TRUE,1,student,fiction,16
100,191,1/19/2023,1/30/2023,267,FALSE,1,staff,fiction,11
76,66,8/4/2023,8/6/2023,445,FALSE,0,staff,science,2
64,79,1/11/2022,1/20/2022,379,FALSE,1,faculty,non-fiction,9
43,159,4/20/2023,5/10/2023,279,TRUE,1,faculty,art,20
79,197,11/12/2020,11/13/2020,273,TRUE,0,faculty,art,1
59,144,11/6/2021,11/26/2021,536,FALSE,1,student,history,20
97,142,7/2/2023,7/18/2023,375,FALSE,1,student,science,16
100,198,1/31/2022,2/9/2022,575,FALSE,1,staff,history,9
26,27,11/21/2022,12/5/2022,256,FALSE,1,staff,fiction,14
86,83,8/9/2023,8/22/2023,364,TRUE,1,student,science,13
98,89,7/11/2021,7/18/2021,326,FALSE,0,student,fiction,7
60,96,2/28/2020,3/9/2020,598,TRUE,1,student,history,10
75,35,6/12/2023,6/17/2023,327,TRUE,0,faculty,fiction,5
73,84,9/4/2020,9/18/2020,265,FALSE,1,staff,art,14
38,1,11/5/2024,11/6/2024,107,TRUE,0,faculty,art,1
76,27,5/10/2021,5/15/2021,418,TRUE,0,staff,science,5
28,94,9/13/2023,9/24/2023,219,TRUE,1,faculty,fiction,11
8,160,9/30/2024,10/13/2024,235,TRUE,1,staff,art,13
29,150,9/22/2024,9/30/2024,536,TRUE,1,student,history,8
14,91,5/26/2020,5/29/2020,151,TRUE,0,student,non-fiction,3
54,23,4/13/2024,5/2/2024,379,TRUE,1,faculty,fiction,19
85,29,7/6/2021,7/16/2021,363,FALSE,1,student,non-fiction,10
65,91,2/24/2021,2/26/2021,168,TRUE,0,student,non-fiction,2
82,141,10/27/2023,11/16/2023,462,FALSE,1,staff,history,20
56,110,1/4/2023,1/15/2023,346,TRUE,1,faculty,non-fiction,11
45,32,9/7/2021,9/21/2021,350,TRUE,1,student,non-fiction,14
34,85,2/24/2023,3/12/2023,474,TRUE,1,staff,science,16
89,188,4/6/2024,4/15/2024,439,TRUE,1,student,history,9
32,131,3/24/2023,4/1/2023,271,TRUE,1,faculty,history,8
80,173,10/30/2020,11/17/2020,368,FALSE,1,faculty,science,18
15,117,4/5/2024,4/17/2024,238,TRUE,1,student,science,12
63,71,7/31/2022,8/13/2022,210,FALSE,1,staff,fiction,13
73,4,5/10/2024,5/26/2024,447,FALSE,1,student,history,16
79,33,9/14/2022,9/22/2022,478,FALSE,1,faculty,history,8
14,139,2/22/2020,3/10/2020,372,FALSE,1,student,history,17
52,32,9/18/2021,10/2/2021,400,FALSE,1,faculty,history,14
85,49,10/15/2020,10/29/2020,202,TRUE,1,faculty,science,14
86,55,7/16/2022,8/1/2022,521,FALSE,1,faculty,history,16
11,121,3/10/2022,3/14/2022,291,TRUE,0,student,art,4
35,188,4/7/2022,4/18/2022,402,TRUE,1,staff,science,11
76,3,10/4/2023,10/7/2023,248,TRUE,0,student,art,3
53,102,7/8/2024,7/9/2024,237,TRUE,0,staff,art,1
100,8,2/4/2023,2/10/2023,547,FALSE,0,student,history,6
42,107,10/21/2021,11/9/2021,168,TRUE,1,staff,non-fiction,19
68,101,7/23/2021,8/2/2021,133,TRUE,1,student,art,10
48,77,2/2/2022,2/10/2022,365,FALSE,1,staff,fiction,8
90,74,8/13/2023,8/14/2023,186,FALSE,0,faculty,art,1
8,57,6/26/2023,7/1/2023,200,FALSE,0,faculty,fiction,5
85,154,7/17/2023,7/22/2023,201,TRUE,0,staff,non-fiction,5
77,102,3/23/2021,4/3/2021,301,FALSE,1,faculty,science,11
49,55,4/8/2021,4/18/2021,514,FALSE,1,faculty,history,10
72,179,11/19/2024,11/21/2024,179,TRUE,0,staff,fiction,2
34,10,12/11/2022,12/19/2022,578,FALSE,1,staff,history,8
27,100,11/21/2024,12/9/2024,290,FALSE,1,faculty,non-fiction,18
9,55,4/16/2022,4/24/2022,233,FALSE,1,faculty,non-fiction,8
67,163,3/23/2025,4/12/2025,309,FALSE,1,student,science,20
88,177,12/27/2021,1/12/2022,189,FALSE,1,student,fiction,16
82,54,7/23/2023,7/29/2023,479,FALSE,0,student,science,6
78,76,6/8/2021,6/22/2021,488,TRUE,1,student,science,14
62,157,11/12/2023,11/25/2023,336,TRUE,1,student,non-fiction,13
54,51,6/9/2022,6/26/2022,332,TRUE,1,faculty,non-fiction,17
47,55,10/15/2024,10/23/2024,341,FALSE,1,student,fiction,8
52,109,8/14/2022,9/2/2022,168,FALSE,1,faculty,fiction,19
94,116,9/24/2020,10/13/2020,219,FALSE,1,student,fiction,19
58,37,11/24/2024,12/4/2024,497,TRUE,1,faculty,science,10
69,195,2/5/2022,2/24/2022,521,TRUE,1,staff,history,19
39,137,7/29/2024,8/17/2024,249,TRUE,1,staff,non-fiction,19
26,60,2/4/2025,2/17/2025,240,TRUE,1,faculty,non-fiction,13
78,167,1/27/2025,2/5/2025,327,TRUE,1,staff,fiction,9
82,192,10/2/2023,10/12/2023,273,TRUE,1,staff,fiction,10
38,150,9/17/2023,9/18/2023,211,TRUE,0,staff,fiction,1
45,195,5/6/2023,5/12/2023,259,FALSE,0,staff,science,6
35,157,12/23/2023,1/4/2024,338,TRUE,1,staff,fiction,12
12,137,10/7/2024,10/24/2024,283,TRUE,1,staff,science,17
56,144,3/3/2023,3/17/2023,153,TRUE,1,student,art,14
96,162,11/2/2021,11/14/2021,240,FALSE,1,faculty,science,12
60,33,4/15/2021,4/22/2021,181,TRUE,0,student,fiction,7
50,26,7/18/2022,8/1/2022,294,FALSE,1,staff,art,14
7,193,3/28/2023,4/6/2023,206,TRUE,1,staff,art,9
24,196,5/14/2023,5/20/2023,148,TRUE,0,student,art,6
3,87,8/4/2024,8/13/2024,186,TRUE,1,faculty,art,9
44,119,12/26/2023,12/29/2023,338,TRUE,0,faculty,fiction,3
91,32,9/17/2024,9/22/2024,183,FALSE,0,student,non-fiction,5
97,15,3/11/2022,3/12/2022,368,FALSE,0,student,history,1
80,77,6/23/2024,7/1/2024,345,TRUE,1,student,science,8
64,113,11/4/2023,11/6/2023,146,TRUE,0,faculty,art,2
35,143,3/14/2020,3/17/2020,320,TRUE,0,student,non-fiction,3
61,122,8/6/2023,8/22/2023,246,TRUE,1,staff,science,16
40,118,3/2/2024,3/6/2024,356,FALSE,0,staff,science,4
8,76,12/30/2024,1/15/2025,474,FALSE,1,faculty,science,16
45,106,3/10/2020,3/16/2020,499,FALSE,0,student,science,6
12,31,2/16/2023,3/7/2023,177,FALSE,1,faculty,non-fiction,19
61,131,12/9/2024,12/15/2024,169,TRUE,0,staff,art,6
95,20,1/15/2021,1/24/2021,346,TRUE,1,faculty,science,9
58,91,12/28/2023,1/16/2024,334,TRUE,1,student,fiction,19
14,94,7/4/2024,7/21/2024,240,TRUE,1,staff,fiction,17
61,130,8/26/2024,9/12/2024,100,TRUE,1,student,art,17
25,37,7/16/2020,8/5/2020,155,TRUE,1,faculty,art,20
19,167,7/9/2021,7/16/2021,376,FALSE,0,staff,science,7
14,145,11/15/2020,11/29/2020,442,FALSE,1,student,science,14
23,5,6/3/2023,6/21/2023,474,FALSE,1,faculty,science,18
99,139,5/18/2022,5/24/2022,490,FALSE,0,student,history,6
41,173,1/4/2024,1/17/2024,329,TRUE,1,staff,non-fiction,13
30,17,11/2/2021,11/21/2021,224,TRUE,1,staff,non-fiction,19
30,129,5/14/2020,5/30/2020,486,FALSE,1,faculty,science,16
64,50,5/10/2024,5/17/2024,162,TRUE,0,student,non-fiction,7
17,134,3/2/2023,3/3/2023,280,TRUE,0,staff,art,1
29,142,9/14/2021,9/25/2021,565,TRUE,1,staff,history,11
65,136,1/8/2024,1/10/2024,361,FALSE,0,student,fiction,2
16,172,3/24/2023,3/29/2023,313,FALSE,0,faculty,fiction,5
50,158,2/16/2021,2/19/2021,342,TRUE,0,faculty,history,3
25,182,4/11/2023,4/24/2023,510,FALSE,1,student,history,13
67,20,12/12/2023,12/28/2023,340,TRUE,1,student,science,16
33,27,2/5/2022,2/20/2022,382,TRUE,1,student,history,15
65,102,6/30/2022,7/8/2022,118,FALSE,1,student,art,8
31,89,10/21/2022,11/4/2022,506,FALSE,1,student,history,14
73,51,8/22/2023,9/9/2023,295,FALSE,1,staff,science,18
84,15,10/17/2022,10/19/2022,210,FALSE,0,student,art,2
43,183,9/12/2022,9/16/2022,377,TRUE,0,student,history,4
3,90,5/4/2023,5/12/2023,554,FALSE,1,staff,history,8
60,105,10/24/2022,10/31/2022,212,TRUE,0,student,art,7
15,66,8/11/2024,8/24/2024,477,TRUE,1,staff,science,13
74,81,6/8/2020,6/21/2020,229,FALSE,1,staff,art,13
99,6,10/30/2022,11/8/2022,399,TRUE,1,student,non-fiction,9
20,163,1/7/2025,1/16/2025,338,TRUE,1,staff,non-fiction,9
99,172,1/15/2023,1/31/2023,335,FALSE,1,student,non-fiction,16
20,7,6/8/2021,6/19/2021,204,FALSE,1,faculty,fiction,11
75,152,12/12/2023,12/29/2023,355,FALSE,1,faculty,science,17
98,162,3/19/2025,4/4/2025,117,TRUE,1,staff,art,16
55,166,6/18/2022,6/21/2022,197,TRUE,0,staff,fiction,3
14,123,5/21/2020,6/2/2020,330,FALSE,1,staff,non-fiction,12
48,9,5/26/2022,6/6/2022,467,FALSE,1,student,science,11
5,11,12/2/2020,12/6/2020,281,TRUE,0,student,non-fiction,4
41,113,9/25/2021,10/6/2021,234,FALSE,1,faculty,fiction,11
13,183,3/31/2022,4/6/2022,350,TRUE,0,student,science,6
27,118,7/21/2024,8/1/2024,343,FALSE,1,student,non-fiction,11
17,114,3/10/2021,3/20/2021,248,TRUE,1,faculty,science,10
96,107,12/1/2022,12/4/2022,399,TRUE,0,student,non-fiction,3
98,166,7/15/2021,7/19/2021,279,TRUE,0,faculty,fiction,4
62,53,12/23/2021,1/4/2022,160,TRUE,1,student,fiction,12
75,163,9/26/2024,9/27/2024,285,TRUE,0,faculty,non-fiction,1
88,31,6/7/2024,6/12/2024,474,TRUE,0,faculty,science,5
61,22,1/24/2025,2/5/2025,440,FALSE,1,staff,science,12
16,141,10/20/2023,11/1/2023,283,TRUE,1,faculty,art,12
2,141,9/23/2020,10/2/2020,225,TRUE,1,student,art,9
70,110,5/26/2023,6/5/2023,222,TRUE,1,student,fiction,10
32,152,7/2/2021,7/11/2021,340,FALSE,1,staff,non-fiction,9
67,134,2/14/2021,3/5/2021,349,TRUE,1,faculty,science,19
49,180,7/18/2022,8/4/2022,289,FALSE,1,staff,art,17
77,58,8/27/2024,9/14/2024,387,FALSE,1,student,science,18
81,100,9/7/2024,9/15/2024,270,FALSE,1,faculty,fiction,8
8,58,1/1/2025,1/2/2025,444,FALSE,0,student,history,1
18,76,8/9/2022,8/21/2022,366,TRUE,1,staff,non-fiction,12
90,186,10/20/2021,10/28/2021,453,TRUE,1,faculty,science,8
95,119,6/12/2024,6/17/2024,542,TRUE,0,student,history,5
36,157,9/29/2022,10/5/2022,153,TRUE,0,staff,non-fiction,6
40,51,6/1/2022,6/4/2022,106,FALSE,0,faculty,art,3
76,80,3/10/2025,3/26/2025,384,FALSE,1,faculty,non-fiction,16
24,199,7/6/2023,7/7/2023,214,FALSE,0,student,non-fiction,1
20,157,5/13/2024,5/30/2024,300,FALSE,1,faculty,art,17
24,42,4/28/2022,5/10/2022,391,TRUE,1,staff,science,12
11,159,10/10/2022,10/18/2022,461,FALSE,1,student,history,8
32,10,10/25/2023,10/29/2023,323,TRUE,0,staff,science,4
74,7,5/17/2021,5/22/2021,452,FALSE,0,faculty,history,5
91,26,4/21/2022,5/5/2022,335,FALSE,1,faculty,fiction,14
6,178,5/25/2024,6/14/2024,551,TRUE,1,staff,history,20
14,180,1/8/2022,1/20/2022,460,FALSE,1,student,history,12
39,32,10/7/2021,10/9/2021,293,FALSE,0,staff,science,2
75,86,12/4/2021,12/22/2021,594,TRUE,1,faculty,history,18
6,66,1/2/2021,1/3/2021,253,TRUE,0,faculty,art,1
41,128,6/10/2021,6/24/2021,252,TRUE,1,faculty,science,14
11,92,5/7/2023,5/22/2023,518,TRUE,1,faculty,history,15
29,61,1/21/2021,1/30/2021,301,TRUE,1,staff,non-fiction,9
81,14,8/25/2022,9/6/2022,416,TRUE,1,student,history,12
54,18,3/2/2025,3/10/2025,149,FALSE,1,student,art,8
27,78,9/3/2020,9/21/2020,575,FALSE,1,faculty,history,18
1,9,5/27/2020,6/16/2020,256,FALSE,1,student,non-fiction,20
22,98,7/17/2024,7/22/2024,483,TRUE,0,student,science,5
41,169,6/3/2020,6/19/2020,297,FALSE,1,faculty,history,16
63,35,10/13/2021,10/18/2021,198,TRUE,0,staff,fiction,5
56,26,4/17/2021,4/21/2021,128,TRUE,0,student,art,4
77,178,10/24/2023,11/11/2023,240,TRUE,1,student,art,18
43,10,5/18/2021,6/5/2021,125,TRUE,1,faculty,art,18
39,56,3/12/2023,3/18/2023,294,TRUE,0,staff,art,6
54,2,11/15/2020,11/16/2020,207,TRUE,0,staff,fiction,1
41,109,8/24/2022,9/1/2022,286,TRUE,1,staff,art,8
38,40,9/3/2024,9/14/2024,225,FALSE,1,staff,art,11
100,134,8/22/2021,9/7/2021,336,FALSE,1,staff,history,16
51,49,1/28/2020,2/8/2020,361,FALSE,1,student,science,11
55,9,6/27/2021,7/14/2021,207,TRUE,1,staff,fiction,17
97,35,12/23/2020,1/8/2021,315,FALSE,1,staff,fiction,16
60,72,12/14/2022,1/1/2023,158,FALSE,1,faculty,art,18
16,39,10/30/2022,11/5/2022,229,TRUE,0,student,non-fiction,6
80,76,7/24/2020,7/25/2020,541,TRUE,0,staff,history,1
17,60,11/24/2020,11/26/2020,216,FALSE,0,staff,non-fiction,2
22,67,10/27/2024,11/10/2024,369,TRUE,1,student,non-fiction,14
65,96,3/24/2025,4/5/2025,259,FALSE,1,student,history,12
18,83,12/31/2020,1/12/2021,393,TRUE,1,staff,fiction,12
75,80,8/6/2022,8/11/2022,351,TRUE,0,staff,science,5
14,91,9/18/2021,9/26/2021,381,TRUE,1,staff,history,8
81,73,11/11/2021,12/1/2021,516,FALSE,1,faculty,history,20
97,93,6/28/2020,7/14/2020,322,TRUE,1,student,fiction,16
90,146,12/10/2022,12/29/2022,155,FALSE,1,staff,fiction,19
47,104,11/29/2022,12/14/2022,215,TRUE,1,student,non-fiction,15
65,136,2/24/2024,3/1/2024,251,TRUE,0,faculty,non-fiction,6
36,92,6/20/2020,7/2/2020,244,FALSE,1,staff,art,12
46,49,1/29/2025,2/10/2025,222,TRUE,1,staff,art,12
70,191,11/30/2023,12/4/2023,341,FALSE,0,student,fiction,4
39,75,10/14/2020,10/22/2020,284,FALSE,1,student,art,8
73,88,1/29/2020,2/6/2020,344,FALSE,1,student,history,8
22,194,7/5/2020,7/21/2020,308,TRUE,1,student,non-fiction,16
2,179,11/17/2022,12/2/2022,213,FALSE,1,faculty,fiction,15
6,44,11/27/2022,11/28/2022,375,FALSE,0,staff,non-fiction,1
79,177,11/28/2024,12/3/2024,179,FALSE,0,staff,fiction,5
81,144,1/19/2021,2/6/2021,251,TRUE,1,faculty,history,18
6,166,10/20/2022,10/21/2022,173,TRUE,0,student,art,1
45,74,1/8/2025,1/13/2025,232,FALSE,0,staff,art,5
26,55,12/4/2020,12/5/2020,436,TRUE,0,faculty,history,1
60,162,10/15/2023,10/31/2023,277,FALSE,1,student,art,16
50,91,7/29/2023,8/2/2023,345,FALSE,0,staff,history,4
20,10,3/30/2020,4/1/2020,370,TRUE,0,student,history,2
71,81,7/15/2022,7/17/2022,178,TRUE,0,student,non-fiction,2
87,114,4/16/2024,5/4/2024,367,TRUE,1,staff,science,18
52,106,4/22/2023,5/2/2023,318,TRUE,1,student,history,10
22,16,11/13/2020,12/1/2020,242,FALSE,1,student,art,18
42,40,3/17/2020,4/3/2020,222,FALSE,1,student,art,17
71,63,5/6/2022,5/16/2022,243,TRUE,1,faculty,science,10
62,165,3/19/2024,4/5/2024,242,TRUE,1,staff,science,17
81,167,8/5/2021,8/11/2021,326,TRUE,0,student,history,6
53,117,8/12/2021,8/22/2021,190,FALSE,1,faculty,art,10
92,8,12/10/2020,12/29/2020,432,FALSE,1,student,history,19
1,4,9/17/2024,9/22/2024,245,FALSE,0,faculty,fiction,5
26,128,8/18/2022,8/27/2022,287,TRUE,1,staff,history,9
72,133,7/11/2021,7/20/2021,235,FALSE,1,staff,non-fiction,9
25,183,8/4/2022,8/24/2022,243,FALSE,1,student,non-fiction,20
50,155,7/24/2023,7/30/2023,110,TRUE,0,staff,art,6
84,94,8/8/2024,8/27/2024,265,FALSE,1,staff,fiction,19
43,127,6/23/2022,6/25/2022,295,TRUE,0,student,history,2
87,80,2/29/2020,3/9/2020,291,TRUE,1,staff,art,9
11,15,6/15/2023,6/23/2023,237,FALSE,1,staff,art,8
82,23,8/20/2023,9/6/2023,270,TRUE,1,staff,art,17
44,101,3/15/2025,3/18/2025,286,FALSE,0,faculty,science,3
56,42,4/13/2025,4/22/2025,284,FALSE,1,staff,history,9
45,60,7/18/2023,8/1/2023,395,FALSE,1,faculty,fiction,14
75,97,11/9/2023,11/23/2023,383,FALSE,1,faculty,science,14
30,171,7/20/2023,7/30/2023,192,FALSE,1,staff,art,10
67,110,11/1/2024,11/12/2024,213,TRUE,1,student,non-fiction,11
22,86,11/6/2023,11/10/2023,416,TRUE,0,student,science,4
29,75,6/10/2023,6/19/2023,421,TRUE,1,faculty,history,9
48,71,1/28/2024,2/17/2024,418,FALSE,1,faculty,science,20
19,133,2/23/2023,3/12/2023,287,TRUE,1,student,art,17
40,158,8/21/2023,8/27/2023,450,TRUE,0,faculty,history,6
14,22,9/2/2022,9/17/2022,246,FALSE,1,student,art,15
7,156,10/9/2020,10/18/2020,273,FALSE,1,faculty,art,9
36,192,10/11/2021,10/17/2021,122,TRUE,0,staff,art,6
13,79,6/30/2022,7/11/2022,168,FALSE,1,staff,non-fiction,11
16,171,2/11/2025,2/20/2025,125,FALSE,1,student,art,9
63,11,8/30/2023,9/13/2023,425,FALSE,1,faculty,science,14
72,134,2/20/2023,2/24/2023,382,FALSE,0,faculty,non-fiction,4
69,38,5/29/2020,6/11/2020,399,TRUE,1,faculty,fiction,13
37,169,4/11/2023,4/30/2023,144,FALSE,1,faculty,art,19
4,108,1/3/2022,1/20/2022,251,TRUE,1,faculty,fiction,17
57,107,1/16/2021,1/21/2021,200,TRUE,0,student,science,5
51,51,11/29/2022,12/3/2022,276,TRUE,0,student,non-fiction,4
36,118,3/10/2024,3/28/2024,319,FALSE,1,faculty,science,18
71,96,6/30/2022,7/18/2022,379,TRUE,1,faculty,science,18
95,81,7/21/2021,8/7/2021,499,FALSE,1,student,science,17
96,73,1/4/2025,1/9/2025,323,FALSE,0,staff,science,5
16,129,11/8/2021,11/15/2021,502,FALSE,0,student,history,7
69,66,2/13/2023,2/24/2023,587,TRUE,1,staff,history,11
83,197,12/21/2020,12/25/2020,195,TRUE,0,staff,fiction,4
84,39,11/30/2022,12/9/2022,580,FALSE,1,staff,history,9
61,146,9/26/2022,10/11/2022,453,TRUE,1,student,science,15
20,34,5/17/2021,6/6/2021,390,TRUE,1,staff,science,20
34,138,7/5/2020,7/24/2020,208,TRUE,1,faculty,art,19
55,30,12/15/2021,12/18/2021,248,FALSE,0,faculty,science,3
58,101,2/27/2024,3/3/2024,182,TRUE,0,staff,fiction,5
12,53,6/29/2020,7/5/2020,291,TRUE,0,student,art,6
71,14,5/11/2021,5/30/2021,495,TRUE,1,faculty,science,19
66,50,5/22/2023,5/25/2023,250,TRUE,0,staff,non-fiction,3
24,81,2/2/2025,2/15/2025,268,TRUE,1,faculty,science,13
7,39,10/10/2020,10/14/2020,217,FALSE,0,student,art,4
74,79,4/8/2024,4/28/2024,292,TRUE,1,staff,non-fiction,20
93,33,7/17/2022,7/26/2022,375,TRUE,1,staff,history,9
81,180,2/14/2021,3/1/2021,209,TRUE,1,faculty,art,15
74,84,4/21/2024,5/11/2024,240,FALSE,1,staff,art,20
54,76,8/5/2022,8/11/2022,348,FALSE,0,student,fiction,6
72,188,12/17/2021,12/29/2021,311,FALSE,1,faculty,science,12
40,177,7/11/2022,7/29/2022,228,FALSE,1,faculty,science,18
24,44,3/30/2025,4/1/2025,324,FALSE,0,staff,non-fiction,2
48,122,12/10/2024,12/24/2024,439,FALSE,1,staff,science,14
28,113,11/5/2022,11/13/2022,192,TRUE,1,staff,art,8
100,76,11/5/2022,11/24/2022,176,FALSE,1,student,fiction,19
97,106,2/14/2023,2/17/2023,465,TRUE,0,faculty,science,3
10,172,9/29/2021,10/1/2021,145,FALSE,0,faculty,art,2
23,198,1/4/2025,1/9/2025,353,FALSE,0,student,fiction,5
37,11,12/18/2022,12/23/2022,199,FALSE,0,staff,art,5
95,21,4/16/2024,4/17/2024,353,FALSE,0,student,non-fiction,1
39,164,12/15/2024,12/24/2024,350,FALSE,1,student,science,9
62,120,5/9/2020,5/17/2020,303,FALSE,1,student,fiction,8
27,194,11/3/2024,11/6/2024,355,TRUE,0,faculty,fiction,3
71,48,11/11/2022,11/25/2022,357,TRUE,1,staff,fiction,14
94,14,1/18/2021,1/22/2021,337,FALSE,0,student,history,4
88,14,1/2/2021,1/5/2021,407,FALSE,0,faculty,science,3
94,30,4/6/2025,4/11/2025,476,TRUE,0,student,science,5
66,115,10/10/2021,10/25/2021,233,TRUE,1,student,non-fiction,15
79,90,7/25/2022,8/13/2022,115,TRUE,1,faculty,art,19
41,53,6/24/2021,7/12/2021,190,TRUE,1,staff,fiction,18
68,133,1/9/2021,1/22/2021,304,TRUE,1,student,history,13
22,3,9/21/2024,10/10/2024,538,TRUE,1,faculty,history,19
57,52,1/23/2022,1/28/2022,327,FALSE,0,staff,science,5
24,64,3/17/2022,4/2/2022,181,TRUE,1,student,art,16
4,66,8/18/2020,9/1/2020,292,FALSE,1,staff,non-fiction,14
10,83,11/9/2020,11/12/2020,350,TRUE,0,faculty,non-fiction,3
16,117,4/28/2023,5/18/2023,156,TRUE,1,staff,non-fiction,20
89,94,6/17/2022,6/18/2022,539,TRUE,0,student,history,1
47,142,7/8/2024,7/23/2024,457,TRUE,1,student,history,15
55,161,3/13/2021,3/26/2021,199,TRUE,1,staff,art,13
21,22,10/18/2022,10/22/2022,101,FALSE,0,student,art,4
80,175,1/13/2023,2/2/2023,560,TRUE,1,faculty,history,20
43,61,11/8/2023,11/17/2023,138,FALSE,1,staff,art,9
10,124,4/20/2020,5/8/2020,295,TRUE,1,staff,history,18
36,99,6/30/2020,7/1/2020,354,TRUE,0,staff,history,1
39,187,4/2/2025,4/7/2025,338,TRUE,0,staff,history,5
43,196,9/19/2021,9/24/2021,144,FALSE,0,staff,art,5
57,168,7/18/2023,7/31/2023,497,FALSE,1,faculty,history,13
67,164,1/10/2021,1/26/2021,181,TRUE,1,staff,non-fiction,16
76,34,8/28/2023,9/4/2023,220,FALSE,0,staff,non-fiction,7
91,21,8/27/2021,8/31/2021,223,FALSE,0,faculty,art,4
33,37,6/3/2023,6/12/2023,203,TRUE,1,student,art,9
30,195,7/28/2020,8/8/2020,327,FALSE,1,student,science,11
18,186,10/24/2020,10/28/2020,101,FALSE,0,student,art,4
98,140,2/8/2020,2/23/2020,361,TRUE,1,faculty,fiction,15
9,104,9/22/2024,10/7/2024,122,FALSE,1,faculty,art,15
86,70,11/29/2020,12/12/2020,542,FALSE,1,faculty,history,13
27,96,3/27/2022,4/5/2022,275,FALSE,1,staff,non-fiction,9
22,93,8/3/2024,8/18/2024,349,TRUE,1,staff,non-fiction,15
59,126,6/1/2020,6/6/2020,350,TRUE,0,student,non-fiction,5
69,148,8/7/2021,8/12/2021,273,FALSE,0,staff,science,5
47,86,3/19/2023,4/3/2023,375,FALSE,1,student,history,15
41,71,1/23/2025,1/25/2025,380,FALSE,0,student,fiction,2
80,106,3/1/2025,3/15/2025,207,TRUE,1,staff,non-fiction,14
54,192,3/19/2025,3/29/2025,246,FALSE,1,staff,non-fiction,10
47,21,10/15/2022,11/2/2022,510,TRUE,1,faculty,history,18
53,32,9/3/2022,9/6/2022,335,FALSE,0,staff,history,3
98,11,12/9/2024,12/27/2024,292,TRUE,1,staff,art,18
90,150,10/27/2021,11/16/2021,419,FALSE,1,student,history,20
37,146,4/5/2020,4/6/2020,365,FALSE,0,staff,science,1
92,162,10/21/2021,11/8/2021,383,TRUE,1,staff,non-fiction,18
84,161,5/29/2021,6/17/2021,294,FALSE,1,staff,non-fiction,19
74,47,8/9/2023,8/16/2023,437,TRUE,0,faculty,science,7
82,40,6/6/2021,6/24/2021,113,FALSE,1,student,art,18
17,149,8/30/2023,9/7/2023,170,FALSE,1,staff,art,8
44,110,4/7/2020,4/20/2020,235,TRUE,1,staff,fiction,13
8,42,2/8/2024,2/12/2024,356,TRUE,0,faculty,non-fiction,4
68,160,5/17/2021,5/19/2021,582,TRUE,0,staff,history,2
20,155,6/21/2023,7/4/2023,236,TRUE,1,student,art,13
11,190,8/18/2023,9/4/2023,197,FALSE,1,faculty,non-fiction,17
7,191,7/11/2023,7/12/2023,336,FALSE,0,faculty,fiction,1
58,198,11/16/2020,11/28/2020,309,FALSE,1,student,non-fiction,12
100,57,5/12/2020,5/29/2020,161,TRUE,1,faculty,fiction,17
72,133,3/14/2020,3/18/2020,598,FALSE,0,staff,history,4
13,64,1/12/2020,1/18/2020,193,TRUE,0,staff,fiction,6
3,91,3/2/2021,3/14/2021,472,TRUE,1,staff,history,12
80,34,10/25/2023,11/5/2023,310,TRUE,1,faculty,science,11
86,90,2/8/2024,2/15/2024,365,FALSE,0,staff,non-fiction,7
30,195,3/9/2024,3/11/2024,251,FALSE,0,student,art,2
47,6,8/27/2020,9/1/2020,312,TRUE,0,staff,science,5
89,96,8/19/2020,8/22/2020,195,TRUE,0,student,art,3
91,152,1/28/2022,1/29/2022,152,FALSE,0,faculty,non-fiction,1
64,170,10/30/2020,11/4/2020,346,FALSE,0,staff,science,5
89,26,3/2/2023,3/14/2023,437,TRUE,1,faculty,science,12
41,146,11/18/2023,11/22/2023,324,TRUE,0,staff,science,4
13,34,6/25/2022,7/12/2022,244,TRUE,1,student,science,17
12,119,7/25/2023,8/3/2023,141,FALSE,1,student,art,9
15,181,2/2/2021,2/20/2021,338,FALSE,1,student,science,18
45,2,6/23/2021,7/4/2021,438,TRUE,1,staff,science,11
59,84,1/9/2020,1/10/2020,285,TRUE,0,student,science,1
75,132,6/2/2024,6/13/2024,257,FALSE,1,student,non-fiction,11
52,162,7/28/2021,8/3/2021,208,TRUE,0,faculty,non-fiction,6
68,102,8/4/2021,8/11/2021,290,TRUE,0,staff,history,7
20,157,8/10/2022,8/23/2022,307,FALSE,1,faculty,science,13
87,84,10/10/2020,10/11/2020,526,TRUE,0,faculty,history,1
69,61,12/25/2021,12/30/2021,582,FALSE,0,student,history,5
100,42,1/27/2020,1/28/2020,404,TRUE,0,student,science,1
56,39,2/1/2023,2/12/2023,246,TRUE,1,faculty,non-fiction,11
42,198,10/3/2024,10/17/2024,213,TRUE,1,student,fiction,14
1,8,7/14/2021,7/31/2021,254,TRUE,1,student,art,17
7,60,9/14/2023,10/4/2023,213,TRUE,1,faculty,non-fiction,20
58,81,6/7/2020,6/19/2020,477,TRUE,1,faculty,science,12
2,37,6/28/2022,6/29/2022,299,TRUE,0,faculty,history,1
20,44,11/26/2020,12/16/2020,266,FALSE,1,student,art,20
72,177,4/3/2023,4/22/2023,385,FALSE,1,staff,non-fiction,19
72,115,12/30/2021,1/17/2022,397,FALSE,1,student,history,18
53,62,1/25/2022,2/7/2022,572,TRUE,1,student,history,13
74,32,1/28/2023,2/5/2023,164,FALSE,1,staff,non-fiction,8
55,181,6/18/2022,6/27/2022,202,TRUE,1,staff,fiction,9
29,200,10/17/2023,10/20/2023,300,FALSE,0,staff,history,3
50,18,7/15/2021,7/17/2021,166,TRUE,0,faculty,art,2
11,170,9/1/2022,9/18/2022,272,FALSE,1,student,non-fiction,17
69,72,4/9/2021,4/13/2021,475,FALSE,0,staff,science,4
84,15,7/24/2022,8/7/2022,105,FALSE,1,student,art,14
98,71,9/12/2024,9/23/2024,160,TRUE,1,student,art,11
75,57,7/27/2023,8/15/2023,475,TRUE,1,faculty,science,19
63,166,8/23/2021,9/7/2021,366,FALSE,1,student,non-fiction,15
19,166,11/7/2024,11/25/2024,491,TRUE,1,student,history,18
20,95,7/12/2022,7/27/2022,169,TRUE,1,faculty,non-fiction,15
37,76,10/16/2022,10/28/2022,173,FALSE,1,faculty,art,12
64,120,9/5/2023,9/18/2023,159,FALSE,1,staff,fiction,13
88,120,7/17/2021,7/27/2021,299,FALSE,1,staff,history,10
23,100,3/28/2020,3/29/2020,364,FALSE,0,staff,fiction,1
68,141,6/16/2023,6/20/2023,293,TRUE,0,faculty,non-fiction,4
42,48,4/18/2022,5/3/2022,211,FALSE,1,student,fiction,15
73,100,6/5/2024,6/24/2024,346,FALSE,1,staff,science,19
83,147,8/20/2023,8/30/2023,288,FALSE,1,faculty,art,10
49,102,3/28/2022,3/31/2022,308,FALSE,0,faculty,fiction,3
1,70,6/16/2021,6/22/2021,222,TRUE,0,staff,non-fiction,6
61,184,5/20/2021,5/27/2021,329,FALSE,0,staff,fiction,7
8,57,3/18/2021,3/28/2021,327,FALSE,1,student,fiction,10
97,99,6/19/2020,6/23/2020,195,TRUE,0,staff,art,4
12,83,3/17/2023,3/28/2023,198,TRUE,1,student,art,11
81,25,8/15/2022,8/30/2022,222,FALSE,1,student,science,15
18,22,11/11/2020,11/24/2020,258,TRUE,1,staff,science,13
48,131,11/1/2022,11/6/2022,397,FALSE,0,faculty,non-fiction,5
92,191,2/21/2020,2/27/2020,344,FALSE,0,staff,history,6
12,8,9/24/2020,10/10/2020,315,TRUE,1,student,non-fiction,16
75,165,3/6/2020,3/15/2020,267,FALSE,1,student,art,9
98,162,3/2/2022,3/10/2022,447,FALSE,1,student,science,8
1,30,9/24/2020,10/12/2020,187,TRUE,1,faculty,art,18
96,3,1/29/2023,2/18/2023,333,TRUE,1,staff,fiction,20
17,182,2/3/2020,2/4/2020,485,TRUE,0,staff,science,1
2,135,9/6/2024,9/17/2024,186,TRUE,1,faculty,non-fiction,11
86,170,9/8/2024,9/13/2024,426,TRUE,0,student,history,5
3,43,1/19/2023,2/3/2023,452,FALSE,1,faculty,history,15
1,21,1/5/2023,1/18/2023,320,TRUE,1,faculty,science,13
74,75,11/21/2024,11/30/2024,215,TRUE,1,student,art,9
77,124,11/30/2021,12/6/2021,303,TRUE,0,student,fiction,6
28,58,12/28/2024,1/11/2025,297,FALSE,1,staff,art,14
59,99,4/25/2024,5/7/2024,371,TRUE,1,staff,fiction,12
18,95,8/29/2024,9/2/2024,398,FALSE,0,faculty,science,4
23,136,6/17/2020,6/27/2020,394,FALSE,1,staff,fiction,10
1,105,3/30/2024,4/19/2024,332,FALSE,1,faculty,fiction,20
14,195,1/21/2022,2/6/2022,204,FALSE,1,staff,non-fiction,16
47,169,4/23/2022,4/30/2022,193,TRUE,0,staff,art,7
27,2,4/12/2023,4/14/2023,227,FALSE,0,student,art,2
70,41,7/4/2020,7/11/2020,375,TRUE,0,faculty,non-fiction,7
76,9,10/11/2020,10/13/2020,327,TRUE,0,student,non-fiction,2
61,170,1/17/2024,1/25/2024,105,FALSE,1,student,art,8
57,197,3/3/2021,3/12/2021,390,FALSE,1,student,fiction,9
61,81,3/23/2023,4/5/2023,307,FALSE,1,staff,non-fiction,13
95,92,2/6/2025,2/25/2025,382,FALSE,1,student,non-fiction,19
28,68,7/14/2020,8/1/2020,385,FALSE,1,student,non-fiction,18
30,154,4/30/2024,5/6/2024,293,FALSE,0,faculty,fiction,6
11,8,8/11/2020,8/15/2020,473,FALSE,0,student,science,4
67,17,5/5/2022,5/16/2022,201,TRUE,1,staff,fiction,11
51,48,3/8/2025,3/19/2025,503,FALSE,1,student,history,11
1,104,9/27/2021,9/29/2021,399,TRUE,0,staff,non-fiction,2
38,126,7/9/2020,7/14/2020,365,FALSE,0,student,non-fiction,5
69,97,6/30/2023,7/13/2023,254,FALSE,1,faculty,history,13
86,102,8/27/2024,9/10/2024,469,TRUE,1,student,history,14
39,199,8/8/2022,8/10/2022,400,FALSE,0,staff,science,2
17,1,3/4/2020,3/22/2020,356,TRUE,1,faculty,history,18
43,139,9/26/2022,9/30/2022,249,FALSE,0,student,art,4
29,177,6/15/2022,6/26/2022,244,FALSE,1,student,art,11
7,87,3/29/2020,4/12/2020,150,TRUE,1,staff,fiction,14
67,5,5/24/2022,6/3/2022,176,TRUE,1,student,non-fiction,10
57,104,1/4/2022,1/5/2022,257,TRUE,0,faculty,history,1
70,111,5/19/2023,5/22/2023,388,FALSE,0,student,history,3
74,10,8/30/2024,9/17/2024,263,FALSE,1,staff,history,18
17,51,5/14/2021,5/21/2021,450,TRUE,0,student,history,7
47,68,8/16/2023,8/29/2023,268,TRUE,1,student,history,13
25,117,7/21/2023,8/5/2023,244,TRUE,1,staff,fiction,15
96,24,8/17/2020,8/24/2020,274,FALSE,0,student,science,7
97,182,12/10/2020,12/23/2020,320,FALSE,1,faculty,science,13
88,113,6/28/2021,6/29/2021,449,FALSE,0,faculty,science,1
81,171,12/6/2024,12/8/2024,276,TRUE,0,faculty,non-fiction,2
65,161,11/29/2022,12/3/2022,249,FALSE,0,staff,science,4
7,4,4/8/2024,4/11/2024,378,TRUE,0,student,fiction,3
97,103,11/22/2024,12/3/2024,360,TRUE,1,staff,fiction,11
52,99,12/18/2024,12/27/2024,215,FALSE,1,staff,art,9
27,9,4/7/2024,4/24/2024,283,TRUE,1,faculty,art,17
78,169,4/22/2023,4/25/2023,304,FALSE,0,student,history,3
10,157,2/28/2021,3/16/2021,293,FALSE,1,faculty,art,16
88,88,6/17/2024,6/19/2024,346,TRUE,0,faculty,non-fiction,2
51,177,7/23/2022,8/11/2022,104,FALSE,1,student,art,19
37,194,5/8/2020,5/27/2020,358,FALSE,1,student,science,19
2,119,6/27/2020,7/8/2020,296,FALSE,1,faculty,fiction,11
34,153,6/2/2022,6/13/2022,307,TRUE,1,student,non-fiction,11
79,21,8/24/2020,8/25/2020,279,FALSE,0,staff,non-fiction,1
71,27,1/15/2021,2/4/2021,400,TRUE,1,staff,fiction,20
72,169,7/20/2024,7/30/2024,356,TRUE,1,faculty,fiction,10
10,176,11/11/2024,11/15/2024,375,TRUE,0,student,non-fiction,4
77,154,3/21/2021,4/1/2021,320,FALSE,1,faculty,science,11
35,23,1/19/2025,1/29/2025,317,FALSE,1,faculty,non-fiction,10
44,73,3/17/2025,3/21/2025,234,TRUE,0,staff,science,4
23,141,10/20/2021,11/5/2021,400,FALSE,1,faculty,fiction,16
6,61,11/27/2023,12/17/2023,350,FALSE,1,staff,science,20
95,146,5/14/2023,6/2/2023,410,FALSE,1,student,science,19
91,198,2/1/2020,2/19/2020,241,FALSE,1,student,science,18
86,97,1/25/2022,2/1/2022,314,FALSE,0,faculty,science,7
19,153,6/5/2024,6/11/2024,403,FALSE,0,staff,science,6
28,112,7/15/2022,7/19/2022,294,FALSE,0,faculty,non-fiction,4
63,11,4/13/2023,4/17/2023,345,FALSE,0,student,non-fiction,4
43,43,3/4/2023,3/7/2023,287,FALSE,0,staff,art,3
61,82,2/28/2021,3/15/2021,246,FALSE,1,student,fiction,15
43,198,3/26/2023,4/12/2023,169,FALSE,1,student,fiction,17
98,159,12/3/2024,12/18/2024,170,FALSE,1,faculty,non-fiction,15
78,157,2/29/2024,3/11/2024,384,FALSE,1,student,fiction,11
12,85,9/25/2024,10/12/2024,162,TRUE,1,faculty,non-fiction,17
58,76,12/15/2022,1/4/2023,382,TRUE,1,student,history,20
4,175,9/23/2021,9/26/2021,492,FALSE,0,staff,science,3
43,48,12/5/2022,12/12/2022,377,FALSE,0,student,fiction,7
82,160,6/13/2024,6/23/2024,176,TRUE,1,student,fiction,10
16,190,11/9/2023,11/13/2023,424,FALSE,0,staff,science,4
58,32,7/1/2022,7/5/2022,269,TRUE,0,faculty,history,4
88,145,7/24/2023,7/30/2023,285,FALSE,0,staff,fiction,6
14,108,11/4/2023,11/14/2023,464,TRUE,1,faculty,science,10
75,27,11/18/2023,12/8/2023,339,FALSE,1,staff,science,20
31,12,7/5/2022,7/17/2022,193,FALSE,1,faculty,non-fiction,12
74,66,11/22/2024,11/23/2024,193,FALSE,0,student,art,1
21,106,2/16/2023,3/6/2023,304,FALSE,1,student,science,18
100,104,2/12/2023,2/25/2023,214,FALSE,1,student,art,13
75,127,6/18/2022,7/1/2022,305,FALSE,1,staff,fiction,13
39,178,9/1/2022,9/18/2022,338,FALSE,1,faculty,non-fiction,17
19,3,12/1/2020,12/2/2020,167,TRUE,0,student,fiction,1
22,88,7/17/2022,7/24/2022,293,TRUE,0,student,fiction,7
37,171,6/14/2022,6/30/2022,277,FALSE,1,staff,fiction,16
88,190,10/25/2021,11/14/2021,210,TRUE,1,faculty,fiction,20
46,13,2/18/2020,3/6/2020,221,TRUE,1,staff,fiction,17
48,55,5/19/2023,5/26/2023,143,FALSE,0,faculty,art,7
86,129,9/17/2021,9/24/2021,100,TRUE,0,faculty,art,7
23,137,2/12/2024,2/28/2024,114,TRUE,1,student,art,16
97,75,2/19/2025,3/1/2025,223,TRUE,1,faculty,fiction,10
61,83,8/4/2022,8/16/2022,347,FALSE,1,faculty,science,12
26,187,9/13/2024,9/28/2024,281,TRUE,1,staff,fiction,15
95,53,9/20/2020,10/4/2020,236,FALSE,1,student,art,14
11,26,12/27/2022,1/15/2023,461,FALSE,1,student,history,19
86,173,12/31/2021,1/6/2022,115,FALSE,0,student,art,6
98,163,9/10/2022,9/18/2022,211,FALSE,1,faculty,fiction,8
42,26,7/21/2023,8/5/2023,561,TRUE,1,faculty,history,15
92,159,6/27/2022,7/2/2022,298,TRUE,0,faculty,non-fiction,5
79,49,1/2/2025,1/5/2025,140,TRUE,0,student,art,3
68,29,5/11/2024,5/13/2024,312,TRUE,0,student,science,2
49,188,1/5/2025,1/8/2025,319,TRUE,0,faculty,non-fiction,3
23,27,11/3/2022,11/17/2022,378,FALSE,1,faculty,fiction,14
43,97,12/7/2024,12/11/2024,122,FALSE,0,student,art,4
55,150,5/7/2021,5/22/2021,284,FALSE,1,student,non-fiction,15
16,188,12/15/2021,12/17/2021,250,FALSE,0,staff,art,2
76,3,3/9/2024,3/23/2024,350,FALSE,1,faculty,history,14
80,65,7/28/2020,8/12/2020,482,FALSE,1,faculty,science,15
24,121,3/23/2024,4/7/2024,321,FALSE,1,student,fiction,15
21,183,6/22/2022,6/26/2022,436,FALSE,0,staff,science,4
65,120,3/6/2022,3/9/2022,264,FALSE,0,student,non-fiction,3
17,106,5/13/2020,5/14/2020,186,TRUE,0,faculty,fiction,1
92,179,4/23/2024,4/25/2024,510,TRUE,0,staff,history,2
81,183,12/17/2024,12/26/2024,316,FALSE,1,staff,fiction,9
21,166,4/11/2021,4/30/2021,119,FALSE,1,staff,art,19
23,193,6/14/2022,6/18/2022,254,TRUE,0,faculty,fiction,4
70,10,7/17/2021,8/4/2021,355,FALSE,1,staff,non-fiction,18
81,33,10/22/2020,11/5/2020,237,TRUE,1,student,non-fiction,14
67,167,8/18/2021,8/25/2021,478,TRUE,0,faculty,science,7
50,121,8/22/2020,8/30/2020,376,FALSE,1,faculty,history,8
49,182,2/27/2021,3/8/2021,346,TRUE,1,staff,history,9
57,186,3/10/2025,3/25/2025,285,FALSE,1,student,history,15
81,119,4/24/2024,4/25/2024,427,FALSE,0,staff,history,1
72,164,11/7/2022,11/17/2022,190,FALSE,1,staff,fiction,10
53,14,9/17/2024,9/20/2024,418,TRUE,0,faculty,science,3
88,16,2/21/2020,2/22/2020,336,TRUE,0,staff,fiction,1
26,56,1/26/2022,2/15/2022,197,FALSE,1,staff,art,20
5,171,5/30/2023,6/19/2023,227,TRUE,1,staff,art,20
65,160,1/12/2024,1/16/2024,339,TRUE,0,student,science,4
19,168,4/15/2024,4/16/2024,436,TRUE,0,faculty,science,1
72,37,11/18/2024,11/24/2024,378,TRUE,0,faculty,non-fiction,6
67,18,6/29/2024,7/19/2024,310,TRUE,1,faculty,history,20
74,173,12/7/2024,12/24/2024,220,FALSE,1,student,non-fiction,17
80,141,12/22/2021,1/2/2022,263,FALSE,1,student,art,11
22,184,3/7/2020,3/24/2020,387,TRUE,1,student,non-fiction,17
31,148,10/15/2024,10/30/2024,282,TRUE,1,faculty,fiction,15
67,125,1/4/2024,1/17/2024,479,FALSE,1,faculty,history,13
87,95,12/11/2024,12/14/2024,368,TRUE,0,staff,history,3
36,124,4/4/2022,4/14/2022,467,TRUE,1,student,science,10
94,125,8/15/2024,8/18/2024,474,FALSE,0,staff,history,3
75,71,7/30/2022,8/9/2022,476,TRUE,1,staff,history,10
96,64,8/27/2022,9/5/2022,298,TRUE,1,student,fiction,9
50,32,3/13/2024,3/21/2024,291,FALSE,1,staff,fiction,8
8,106,10/23/2022,11/1/2022,108,FALSE,1,student,art,9
65,107,6/27/2023,7/7/2023,370,TRUE,1,student,science,10
30,29,12/15/2022,12/18/2022,203,TRUE,0,student,art,3
12,146,10/2/2023,10/9/2023,104,FALSE,0,faculty,art,7
19,145,7/27/2024,8/8/2024,217,TRUE,1,staff,science,12
10,12,3/13/2022,3/29/2022,236,TRUE,1,faculty,non-fiction,16
8,161,3/13/2022,3/21/2022,364,FALSE,1,faculty,fiction,8
89,38,5/5/2021,5/23/2021,493,TRUE,1,staff,history,18
62,167,4/14/2025,4/26/2025,181,FALSE,1,staff,fiction,12
27,90,8/28/2023,9/2/2023,324,TRUE,0,student,non-fiction,5
72,102,9/28/2020,10/10/2020,549,FALSE,1,student,history,12
88,159,3/15/2023,3/30/2023,330,FALSE,1,staff,history,15
66,127,6/24/2024,7/10/2024,310,FALSE,1,faculty,fiction,16
21,111,5/18/2023,5/30/2023,588,TRUE,1,faculty,history,12
52,73,2/20/2024,3/7/2024,360,TRUE,1,staff,science,16
26,146,10/28/2021,11/16/2021,238,TRUE,1,student,art,19
58,88,6/29/2024,7/15/2024,171,FALSE,1,student,non-fiction,16
6,91,11/14/2023,12/1/2023,233,TRUE,1,staff,non-fiction,17
5,152,7/21/2024,8/6/2024,394,TRUE,1,student,fiction,16
24,77,11/28/2020,12/6/2020,165,TRUE,1,staff,non-fiction,8
83,141,3/7/2025,3/10/2025,600,TRUE,0,staff,history,3
40,118,8/22/2024,9/6/2024,464,TRUE,1,staff,history,15
52,73,7/26/2021,8/15/2021,223,TRUE,1,student,non-fiction,20
52,119,1/21/2025,2/2/2025,228,FALSE,1,faculty,art,12
55,124,2/15/2022,2/17/2022,325,TRUE,0,student,non-fiction,2
5,135,6/22/2020,7/9/2020,163,TRUE,1,staff,non-fiction,17
62,186,9/26/2021,10/8/2021,282,TRUE,1,staff,art,12
38,22,4/15/2022,5/1/2022,315,FALSE,1,student,history,16
70,72,9/12/2023,9/19/2023,319,TRUE,0,staff,history,7
73,16,1/7/2023,1/21/2023,336,TRUE,1,staff,fiction,14
55,23,5/23/2022,5/27/2022,310,FALSE,0,faculty,history,4
12,34,11/30/2023,12/9/2023,237,TRUE,1,student,art,9
43,78,8/14/2022,8/26/2022,232,TRUE,1,staff,art,12
64,196,2/14/2022,2/23/2022,387,TRUE,1,student,science,9
78,141,3/19/2025,4/1/2025,582,FALSE,1,student,history,13
59,161,8/30/2020,9/1/2020,303,TRUE,0,faculty,non-fiction,2
78,44,3/31/2022,4/6/2022,331,TRUE,0,staff,non-fiction,6
2,69,1/7/2021,1/14/2021,178,TRUE,0,faculty,fiction,7
17,96,12/13/2022,12/14/2022,364,TRUE,0,student,fiction,1
5,24,9/11/2020,10/1/2020,255,FALSE,1,staff,non-fiction,20
12,172,8/31/2024,9/6/2024,256,FALSE,0,faculty,art,6
28,180,5/5/2023,5/20/2023,258,FALSE,1,student,science,15
45,96,1/31/2020,2/20/2020,250,FALSE,1,faculty,non-fiction,20
76,198,3/3/2023,3/23/2023,343,TRUE,1,faculty,fiction,20
92,117,2/13/2025,3/3/2025,262,FALSE,1,faculty,art,18
100,50,10/13/2020,10/31/2020,387,TRUE,1,staff,science,18
8,147,10/24/2020,11/10/2020,382,FALSE,1,staff,fiction,17
90,3,2/28/2021,3/4/2021,291,FALSE,0,staff,fiction,4
90,145,5/19/2023,6/7/2023,286,TRUE,1,faculty,art,19
4,146,1/22/2021,1/25/2021,168,FALSE,0,staff,art,3
13,43,3/25/2020,4/8/2020,368,FALSE,1,staff,fiction,14
90,154,8/14/2021,8/19/2021,117,FALSE,0,faculty,art,5
65,159,5/17/2021,5/23/2021,461,FALSE,0,student,science,6
97,149,7/28/2023,8/14/2023,204,TRUE,1,staff,fiction,17
84,12,4/13/2025,4/14/2025,434,TRUE,0,student,history,1
1,27,4/17/2023,5/1/2023,437,FALSE,1,faculty,science,14
17,28,3/24/2025,3/25/2025,197,TRUE,0,staff,fiction,1
63,8,11/12/2022,11/18/2022,569,FALSE,0,faculty,history,6
35,4,10/16/2022,10/19/2022,290,FALSE,0,student,art,3
61,185,6/22/2022,7/4/2022,123,FALSE,1,staff,art,12
77,38,3/3/2024,3/16/2024,327,FALSE,1,faculty,fiction,13
6,167,3/20/2022,3/22/2022,272,TRUE,0,faculty,history,2
49,120,1/25/2023,2/5/2023,258,TRUE,1,student,science,11
96,99,1/25/2020,2/7/2020,199,FALSE,1,faculty,art,13
56,91,8/11/2021,8/22/2021,106,TRUE,1,student,art,11
23,195,11/21/2022,11/24/2022,180,FALSE,0,student,fiction,3
47,32,9/28/2021,10/6/2021,310,FALSE,1,staff,non-fiction,8
83,63,5/28/2022,6/8/2022,217,TRUE,1,staff,non-fiction,11
49,108,12/6/2023,12/9/2023,224,FALSE,0,student,science,3
99,22,8/14/2021,8/21/2021,332,FALSE,0,student,science,7
44,51,1/4/2020,1/9/2020,277,FALSE,0,faculty,non-fiction,5
22,164,12/17/2021,12/25/2021,175,FALSE,1,faculty,art,8
20,59,12/18/2021,12/24/2021,107,FALSE,0,staff,art,6
22,88,11/28/2020,12/5/2020,259,FALSE,0,faculty,art,7
19,123,2/1/2023,2/17/2023,207,TRUE,1,student,non-fiction,16
52,182,1/21/2020,1/29/2020,246,FALSE,1,faculty,non-fiction,8
40,29,5/21/2020,6/10/2020,358,FALSE,1,staff,history,20
28,172,9/7/2020,9/14/2020,405,FALSE,0,staff,history,7
26,196,3/14/2020,3/22/2020,312,TRUE,1,faculty,non-fiction,8
25,10,1/30/2021,1/31/2021,437,TRUE,0,student,history,1
38,72,10/26/2024,11/11/2024,388,TRUE,1,faculty,science,16
85,179,6/27/2022,6/29/2022,386,TRUE,0,faculty,history,2
66,184,11/13/2023,11/14/2023,272,TRUE,0,student,non-fiction,1
90,13,3/12/2023,3/19/2023,355,TRUE,0,student,history,7
73,35,9/2/2022,9/22/2022,482,TRUE,1,faculty,science,20
56,69,4/7/2020,4/14/2020,389,TRUE,0,faculty,fiction,7
42,101,9/21/2023,10/2/2023,289,TRUE,1,faculty,history,11
52,156,8/25/2022,9/2/2022,278,FALSE,1,staff,non-fiction,8
70,84,11/3/2023,11/18/2023,158,FALSE,1,faculty,art,15
81,88,3/1/2025,3/11/2025,212,TRUE,1,staff,non-fiction,10
95,54,9/18/2022,9/25/2022,176,TRUE,0,staff,art,7
100,51,8/29/2020,9/9/2020,359,TRUE,1,staff,fiction,11
8,86,7/5/2022,7/18/2022,297,TRUE,1,student,history,13
60,33,7/27/2020,8/15/2020,471,FALSE,1,staff,history,19
9,13,6/19/2024,6/21/2024,379,FALSE,0,faculty,history,2
2,2,9/25/2024,10/12/2024,315,TRUE,1,staff,non-fiction,17
91,113,4/15/2022,5/3/2022,284,FALSE,1,faculty,history,18
12,54,5/21/2024,6/2/2024,185,TRUE,1,faculty,art,12
21,188,2/3/2022,2/8/2022,411,TRUE,0,faculty,science,5
39,99,10/22/2020,11/3/2020,485,FALSE,1,faculty,science,12
68,121,8/28/2022,9/11/2022,347,TRUE,1,staff,science,14
60,9,8/10/2020,8/14/2020,406,FALSE,0,staff,history,4
49,148,1/12/2021,1/26/2021,247,TRUE,1,student,science,14
22,42,6/16/2024,6/19/2024,284,FALSE,0,student,history,3
72,73,12/4/2020,12/20/2020,532,FALSE,1,faculty,history,16
83,162,8/7/2022,8/16/2022,385,FALSE,1,faculty,non-fiction,9
56,123,7/20/2021,7/28/2021,276,TRUE,1,faculty,non-fiction,8
45,4,1/19/2020,1/29/2020,496,FALSE,1,student,history,10
33,169,11/28/2020,12/3/2020,303,FALSE,0,student,fiction,5
34,9,3/20/2024,3/29/2024,285,FALSE,1,faculty,fiction,9
52,159,9/23/2020,9/24/2020,101,FALSE,0,staff,art,1
40,159,1/24/2020,2/13/2020,198,TRUE,1,student,art,20
6,140,2/26/2020,3/1/2020,285,TRUE,0,staff,non-fiction,4
100,57,4/21/2023,5/3/2023,255,FALSE,1,faculty,non-fiction,12
61,65,11/5/2024,11/16/2024,339,TRUE,1,student,fiction,11
82,137,5/12/2021,5/13/2021,350,FALSE,0,student,history,1
70,164,7/5/2023,7/20/2023,363,FALSE,1,student,science,15
13,179,10/31/2023,11/2/2023,201,TRUE,0,staff,non-fiction,2
70,107,10/9/2022,10/23/2022,250,FALSE,1,staff,history,14
77,69,1/23/2024,2/1/2024,317,TRUE,1,faculty,science,9
21,113,10/4/2022,10/11/2022,231,TRUE,0,staff,fiction,7
74,187,9/26/2021,10/6/2021,274,TRUE,1,staff,fiction,10
13,181,9/3/2024,9/6/2024,108,TRUE,0,staff,art,3
97,159,2/13/2022,2/28/2022,344,TRUE,1,faculty,fiction,15
35,97,1/11/2025,1/17/2025,245,TRUE,0,student,non-fiction,6
34,136,1/4/2021,1/7/2021,366,FALSE,0,student,non-fiction,3
12,117,12/7/2021,12/19/2021,356,FALSE,1,staff,history,12
24,157,6/23/2021,7/1/2021,318,FALSE,1,student,science,8
93,64,6/14/2022,6/20/2022,150,FALSE,0,staff,fiction,6
99,199,5/24/2020,5/26/2020,236,TRUE,0,staff,art,2
65,78,1/15/2021,1/30/2021,153,FALSE,1,staff,art,15
87,193,5/31/2022,6/3/2022,270,TRUE,0,student,science,3
9,69,2/9/2025,3/1/2025,268,FALSE,1,student,science,20
17,140,1/19/2021,1/26/2021,264,TRUE,0,faculty,non-fiction,7
83,147,12/21/2023,1/7/2024,337,FALSE,1,faculty,fiction,17
76,154,11/23/2024,12/11/2024,346,TRUE,1,faculty,fiction,18
42,83,3/14/2023,3/23/2023,115,FALSE,1,staff,art,9
60,32,1/19/2024,1/31/2024,414,FALSE,1,staff,history,12
97,138,8/7/2023,8/23/2023,242,FALSE,1,faculty,art,16
78,92,11/3/2022,11/11/2022,450,FALSE,1,student,science,8
99,147,7/24/2022,7/30/2022,231,FALSE,0,faculty,fiction,6
16,38,8/18/2023,8/29/2023,150,TRUE,1,faculty,fiction,11
48,41,9/1/2024,9/21/2024,298,TRUE,1,staff,non-fiction,20
30,31,3/24/2022,3/26/2022,431,FALSE,0,staff,science,2
34,112,9/17/2023,10/1/2023,218,TRUE,1,faculty,art,14
71,95,8/7/2022,8/14/2022,215,TRUE,0,faculty,science,7
24,91,3/12/2020,3/21/2020,368,FALSE,1,staff,science,9
15,51,11/27/2023,12/2/2023,159,TRUE,0,student,non-fiction,5
87,32,11/1/2020,11/20/2020,570,TRUE,1,student,history,19
26,19,5/21/2024,6/9/2024,194,TRUE,1,student,art,19
54,79,11/14/2021,11/16/2021,283,TRUE,0,student,science,2
70,148,3/17/2021,3/25/2021,165,TRUE,1,staff,non-fiction,8
88,47,3/14/2021,3/23/2021,523,FALSE,1,faculty,history,9
92,155,10/10/2024,10/27/2024,276,FALSE,1,student,history,17
32,116,11/24/2022,12/8/2022,518,FALSE,1,faculty,history,14
9,55,1/31/2020,2/1/2020,270,FALSE,0,staff,non-fiction,1
80,190,9/20/2024,10/8/2024,221,FALSE,1,student,fiction,18
54,121,3/26/2025,4/9/2025,165,TRUE,1,student,non-fiction,14
78,75,12/22/2021,1/10/2022,283,FALSE,1,student,art,19
70,132,6/25/2021,6/29/2021,310,FALSE,0,faculty,science,4
79,152,5/24/2020,6/8/2020,295,TRUE,1,staff,history,15
55,142,9/10/2023,9/17/2023,213,FALSE,0,student,fiction,7
20,191,6/9/2024,6/12/2024,278,FALSE,0,student,history,3
77,32,2/2/2022,2/14/2022,434,FALSE,1,faculty,science,12
7,191,5/12/2024,5/21/2024,276,TRUE,1,staff,art,9
10,13,10/6/2023,10/19/2023,359,FALSE,1,student,science,13
90,66,6/14/2023,6/20/2023,588,FALSE,0,staff,history,6
60,62,12/21/2020,1/5/2021,253,TRUE,1,staff,history,15
9,145,11/5/2021,11/24/2021,396,TRUE,1,staff,fiction,19
27,195,5/14/2023,6/3/2023,145,TRUE,1,staff,art,20
2,199,9/5/2020,9/21/2020,100,TRUE,1,staff,art,16
88,137,12/9/2021,12/12/2021,165,TRUE,0,student,non-fiction,3
14,198,2/22/2020,3/7/2020,520,FALSE,1,student,history,14
5,10,11/6/2021,11/23/2021,386,TRUE,1,student,history,17
69,51,10/26/2021,11/1/2021,119,TRUE,0,student,art,6
18,4,6/6/2022,6/13/2022,252,FALSE,0,staff,fiction,7
37,53,2/2/2023,2/9/2023,514,FALSE,0,faculty,history,7
64,199,1/3/2021,1/19/2021,328,TRUE,1,staff,non-fiction,16
70,144,4/25/2020,5/10/2020,115,FALSE,1,staff,art,15
35,19,4/1/2020,4/17/2020,328,TRUE,1,staff,history,16
43,128,8/5/2024,8/20/2024,420,TRUE,1,staff,science,15
78,142,4/6/2023,4/10/2023,318,FALSE,0,student,non-fiction,4
20,99,5/8/2023,5/21/2023,267,FALSE,1,student,science,13
79,32,3/1/2021,3/3/2021,541,FALSE,0,faculty,history,2
89,5,12/25/2024,1/10/2025,365,TRUE,1,faculty,fiction,16
99,14,1/27/2024,2/4/2024,278,TRUE,1,staff,history,8
82,191,11/23/2023,12/2/2023,246,TRUE,1,student,art,9
7,117,9/15/2022,9/26/2022,160,TRUE,1,staff,art,11
77,22,6/22/2024,7/11/2024,242,TRUE,1,faculty,non-fiction,19
66,78,4/5/2025,4/7/2025,164,FALSE,0,staff,art,2
60,19,4/18/2020,4/21/2020,439,TRUE,0,faculty,science,3
25,23,10/12/2022,10/29/2022,257,TRUE,1,staff,non-fiction,17
85,187,5/12/2022,5/23/2022,231,FALSE,1,student,non-fiction,11
41,87,11/23/2024,12/8/2024,220,FALSE,1,staff,art,15
2,168,7/21/2021,7/28/2021,583,FALSE,0,staff,history,7
73,59,12/11/2022,12/22/2022,462,FALSE,1,staff,science,11
68,8,4/20/2024,4/23/2024,323,TRUE,0,staff,non-fiction,3
47,161,7/18/2022,8/1/2022,414,TRUE,1,faculty,science,14
66,84,7/6/2023,7/16/2023,378,FALSE,1,student,non-fiction,10
19,159,4/24/2022,5/1/2022,150,FALSE,0,student,art,7
36,194,11/5/2021,11/10/2021,244,TRUE,0,student,science,5
56,151,6/18/2024,7/8/2024,166,TRUE,1,staff,art,20
23,174,5/5/2023,5/6/2023,367,FALSE,0,student,science,1
37,129,5/11/2022,5/17/2022,364,FALSE,0,faculty,fiction,6
18,11,10/12/2023,10/15/2023,448,TRUE,0,student,history,3
40,149,12/31/2023,1/8/2024,574,FALSE,1,staff,history,8
61,184,3/26/2023,3/31/2023,313,TRUE,0,student,non-fiction,5
10,54,11/6/2024,11/20/2024,280,TRUE,1,staff,art,14
84,101,6/8/2020,6/17/2020,200,FALSE,1,staff,non-fiction,9
100,55,11/25/2020,11/27/2020,404,FALSE,0,faculty,history,2
58,79,4/1/2020,4/3/2020,237,TRUE,0,faculty,science,2
100,70,2/16/2021,2/26/2021,314,FALSE,1,student,non-fiction,10
68,29,10/2/2023,10/11/2023,238,FALSE,1,staff,fiction,9
42,147,4/27/2024,4/28/2024,279,FALSE,0,faculty,history,1
92,109,3/6/2020,3/21/2020,183,TRUE,1,staff,art,15
23,39,12/12/2021,12/14/2021,512,TRUE,0,student,history,2
61,181,10/17/2024,10/27/2024,241,FALSE,1,staff,science,10
49,32,5/9/2021,5/21/2021,158,TRUE,1,staff,fiction,12
13,148,4/27/2023,5/15/2023,426,TRUE,1,faculty,history,18
60,168,11/18/2020,11/25/2020,343,TRUE,0,staff,fiction,7
55,173,1/1/2023,1/12/2023,481,FALSE,1,faculty,science,11
48,170,8/3/2021,8/16/2021,329,TRUE,1,student,science,13
23,49,11/28/2024,12/16/2024,356,TRUE,1,student,fiction,18
71,166,2/20/2025,3/3/2025,425,FALSE,1,staff,history,11
84,180,1/29/2023,2/17/2023,420,TRUE,1,staff,science,19
20,154,4/21/2023,4/25/2023,562,TRUE,0,faculty,history,4
55,31,11/5/2022,11/6/2022,177,FALSE,0,student,fiction,1
66,171,8/7/2020,8/19/2020,324,TRUE,1,staff,non-fiction,12
8,125,4/23/2024,4/29/2024,213,TRUE,0,student,art,6
53,151,3/3/2022,3/14/2022,212,FALSE,1,staff,art,11
96,190,9/17/2022,9/24/2022,411,FALSE,0,faculty,history,7
98,117,9/22/2021,10/4/2021,294,FALSE,1,faculty,science,12
68,108,12/24/2022,1/4/2023,463,FALSE,1,faculty,science,11
18,24,1/9/2022,1/16/2022,268,FALSE,0,student,art,7
70,40,3/23/2022,4/7/2022,276,FALSE,1,staff,art,15
68,123,9/30/2023,10/13/2023,174,TRUE,1,faculty,non-fiction,13
22,183,5/27/2021,6/9/2021,273,FALSE,1,staff,non-fiction,13
94,198,10/6/2020,10/9/2020,190,TRUE,0,faculty,non-fiction,3
96,69,3/2/2024,3/14/2024,327,FALSE,1,faculty,science,12
18,166,4/7/2022,4/19/2022,110,FALSE,1,staff,art,12
29,199,7/22/2021,7/27/2021,349,TRUE,0,staff,fiction,5
7,72,10/3/2023,10/17/2023,247,TRUE,1,student,non-fiction,14
90,65,12/21/2020,1/9/2021,380,FALSE,1,staff,science,19
58,21,2/11/2020,2/20/2020,133,TRUE,1,staff,art,9
78,140,11/8/2020,11/25/2020,326,TRUE,1,student,science,17
97,148,2/9/2025,2/27/2025,285,TRUE,1,faculty,fiction,18
70,75,4/18/2022,4/24/2022,327,FALSE,0,staff,history,6
86,98,7/19/2023,8/6/2023,485,FALSE,1,faculty,science,18
70,68,12/22/2022,12/28/2022,280,TRUE,0,student,history,6
2,157,7/26/2021,7/30/2021,333,TRUE,0,student,non-fiction,4
64,21,4/25/2024,5/7/2024,326,FALSE,1,staff,fiction,12
39,120,5/29/2023,6/2/2023,362,TRUE,0,student,history,4
74,197,4/24/2024,4/26/2024,190,FALSE,0,student,fiction,2
27,171,10/14/2023,10/28/2023,378,TRUE,1,staff,non-fiction,14
16,198,10/12/2023,10/28/2023,329,FALSE,1,faculty,fiction,16
59,70,10/18/2022,10/27/2022,371,TRUE,1,faculty,non-fiction,9
76,43,5/10/2024,5/13/2024,300,FALSE,0,faculty,art,3
12,67,11/9/2024,11/25/2024,203,FALSE,1,staff,fiction,16
72,85,11/2/2021,11/11/2021,273,FALSE,1,staff,non-fiction,9
10,19,3/5/2020,3/9/2020,287,FALSE,0,faculty,fiction,4
68,35,2/5/2021,2/13/2021,377,FALSE,1,student,science,8
11,148,2/19/2023,3/11/2023,468,TRUE,1,student,science,20
31,196,11/25/2022,12/3/2022,211,TRUE,1,staff,science,8
31,181,6/17/2023,7/5/2023,392,TRUE,1,faculty,non-fiction,18
30,156,10/31/2022,11/18/2022,217,TRUE,1,faculty,fiction,18
93,10,12/23/2022,1/6/2023,564,FALSE,1,staff,history,14
73,88,5/1/2021,5/15/2021,201,FALSE,1,staff,fiction,14
34,170,6/15/2023,7/2/2023,489,FALSE,1,faculty,history,17
77,154,4/25/2021,4/27/2021,252,TRUE,0,staff,art,2
98,22,1/29/2024,2/13/2024,266,TRUE,1,staff,art,15
32,50,11/1/2024,11/3/2024,365,TRUE,0,faculty,science,2
63,72,8/8/2024,8/20/2024,374,FALSE,1,staff,non-fiction,12
1,94,3/31/2025,4/9/2025,341,TRUE,1,student,science,9
26,177,8/23/2020,8/24/2020,234,FALSE,0,staff,art,1
27,193,9/19/2024,9/24/2024,264,TRUE,0,faculty,non-fiction,5
29,46,5/31/2023,6/4/2023,566,TRUE,0,staff,history,4
20,183,10/31/2021,11/3/2021,171,TRUE,0,staff,art,3
4,169,5/28/2020,6/4/2020,152,FALSE,0,faculty,art,7
41,145,10/3/2023,10/10/2023,414,TRUE,0,faculty,science,7
66,1,5/16/2020,5/21/2020,453,FALSE,0,faculty,history,5
89,123,7/20/2024,8/1/2024,298,TRUE,1,faculty,art,12
97,159,7/25/2024,7/29/2024,381,FALSE,0,faculty,fiction,4
29,44,9/22/2020,9/29/2020,188,TRUE,0,staff,art,7
72,48,1/14/2020,1/28/2020,340,TRUE,1,faculty,science,14
92,187,1/14/2022,1/21/2022,396,FALSE,0,staff,non-fiction,7
88,149,1/29/2021,2/2/2021,356,FALSE,0,student,history,4
83,25,2/7/2022,2/12/2022,399,TRUE,0,student,non-fiction,5
72,32,9/3/2022,9/6/2022,245,TRUE,0,student,art,3
56,7,12/11/2023,12/30/2023,212,TRUE,1,faculty,science,19
43,64,3/25/2020,3/30/2020,244,FALSE,0,student,art,5
53,74,9/19/2023,10/8/2023,224,TRUE,1,faculty,science,19
31,137,4/18/2024,4/24/2024,255,TRUE,0,student,fiction,6
77,26,3/21/2025,3/30/2025,137,FALSE,1,staff,art,9
3,164,6/9/2020,6/15/2020,273,FALSE,0,student,science,6
76,197,5/1/2020,5/6/2020,277,TRUE,0,faculty,history,5
70,111,1/22/2020,2/2/2020,407,TRUE,1,staff,science,11
88,92,11/12/2022,11/27/2022,549,TRUE,1,staff,history,15
28,164,10/31/2023,11/12/2023,284,TRUE,1,faculty,non-fiction,12
1,165,4/29/2024,5/7/2024,168,FALSE,1,faculty,non-fiction,8
39,82,1/5/2021,1/24/2021,291,FALSE,1,student,fiction,19
96,142,10/24/2022,11/8/2022,239,TRUE,1,faculty,science,15
37,121,7/23/2020,8/1/2020,495,TRUE,1,faculty,science,9
10,185,6/1/2022,6/13/2022,133,FALSE,1,staff,art,12
88,173,1/5/2025,1/15/2025,434,TRUE,1,staff,science,10
46,7,4/1/2020,4/2/2020,439,FALSE,0,staff,history,1
99,90,3/15/2022,3/18/2022,346,TRUE,0,faculty,non-fiction,3
63,124,9/11/2023,9/16/2023,219,TRUE,0,staff,non-fiction,5
72,65,5/29/2023,6/5/2023,274,FALSE,0,faculty,fiction,7
18,80,5/4/2023,5/18/2023,347,FALSE,1,student,science,14
16,117,3/6/2025,3/13/2025,114,FALSE,0,faculty,art,7
66,81,7/24/2023,7/31/2023,164,TRUE,0,faculty,fiction,7
69,96,1/12/2021,1/19/2021,118,TRUE,0,student,art,7
43,103,5/28/2024,6/11/2024,407,TRUE,1,faculty,science,14
1,68,8/4/2022,8/14/2022,367,TRUE,1,student,history,10
96,69,2/9/2024,2/15/2024,294,TRUE,0,staff,non-fiction,6
85,141,1/16/2025,1/26/2025,319,FALSE,1,student,non-fiction,10
6,144,12/23/2024,1/12/2025,494,FALSE,1,faculty,science,20
37,95,11/8/2021,11/22/2021,354,TRUE,1,student,science,14
25,114,10/12/2023,10/31/2023,152,FALSE,1,staff,art,19
49,106,4/23/2021,5/1/2021,318,TRUE,1,student,fiction,8
68,187,1/26/2022,1/31/2022,270,TRUE,0,faculty,history,5
11,9,5/12/2020,5/28/2020,378,FALSE,1,student,fiction,16
32,155,11/26/2024,12/12/2024,394,FALSE,1,student,fiction,16
56,125,1/6/2025,1/13/2025,190,TRUE,0,staff,non-fiction,7
17,60,2/28/2021,3/4/2021,289,TRUE,0,staff,history,4
46,36,9/3/2022,9/14/2022,301,FALSE,1,staff,history,11
64,74,11/29/2024,12/9/2024,251,FALSE,1,faculty,history,10
61,15,10/15/2021,10/26/2021,288,FALSE,1,faculty,non-fiction,11
9,7,3/4/2021,3/15/2021,380,FALSE,1,staff,non-fiction,11
93,32,5/11/2023,5/29/2023,243,TRUE,1,student,art,18
63,100,6/18/2022,6/25/2022,281,TRUE,0,faculty,art,7
2,172,8/18/2023,8/26/2023,167,TRUE,1,student,non-fiction,8
17,183,3/6/2025,3/15/2025,390,TRUE,1,student,fiction,9
91,99,9/17/2024,9/27/2024,329,FALSE,1,staff,fiction,10
61,197,4/4/2021,4/6/2021,257,FALSE,0,student,non-fiction,2
56,48,7/17/2020,7/18/2020,185,FALSE,0,faculty,non-fiction,1
